observation_date,CUUR0000SEHA
2004-01-01,208.300
2004-02-01,208.800
2004-03-01,209.200
2004-04-01,209.700
2004-05-01,210.200
2004-06-01,210.700
2004-07-01,211.200
2004-08-01,211.900
2004-09-01,212.400
2004-10-01,212.800
2004-11-01,213.200
2004-12-01,213.900
2005-01-01,214.500
2005-02-01,215.000
2005-03-01,215.500
2005-04-01,216.000
2005-05-01,216.400
2005-06-01,216.800
2005-07-01,217.500
2005-08-01,218.000
2005-09-01,218.600
2005-10-01,219.300
2005-11-01,220.000
2005-12-01,220.500
2006-01-01,220.900
2006-02-01,221.600
2006-03-01,222.300
2006-04-01,222.900
2006-05-01,223.600
2006-06-01,224.400
2006-07-01,225.200
2006-08-01,226.200
2006-09-01,227.100
2006-10-01,228.000
2006-11-01,228.900
2006-12-01,230.000
2007-01-01,230.806
2007-02-01,231.739
2007-03-01,232.495
2007-04-01,232.980
2007-05-01,233.549
2007-06-01,234.071
2007-07-01,234.732
2007-08-01,235.311
2007-09-01,236.058
2007-10-01,237.135
2007-11-01,238.169
2007-12-01,239.102
2008-01-01,239.850
2008-02-01,240.325
2008-03-01,240.874
2008-04-01,241.474
2008-05-01,241.803
2008-06-01,242.640
2008-07-01,243.367
2008-08-01,244.181
2008-09-01,244.926
2008-10-01,245.855
2008-11-01,246.681
2008-12-01,247.278
2009-01-01,247.974
2009-02-01,248.305
2009-03-01,248.639
2009-04-01,248.899
2009-05-01,249.069
2009-06-01,249.092
2009-07-01,248.994
2009-08-01,249.029
2009-09-01,248.965
2009-10-01,248.888
2009-11-01,248.886
2009-12-01,248.999
2010-01-01,249.144
2010-02-01,249.017
2010-03-01,249.089
2010-04-01,249.012
2010-05-01,248.925
2010-06-01,248.999
2010-07-01,249.126
2010-08-01,249.024
2010-09-01,249.368
2010-10-01,249.618
2010-11-01,250.317
2010-12-01,250.986
2011-01-01,251.555
2011-02-01,251.829
2011-03-01,252.145
2011-04-01,252.221
2011-05-01,252.393
2011-06-01,252.592
2011-07-01,253.085
2011-08-01,254.003
2011-09-01,254.628
2011-10-01,255.651
2011-11-01,256.367
2011-12-01,257.189
2012-01-01,257.714
2012-02-01,258.184
2012-03-01,258.569
2012-04-01,258.922
2012-05-01,259.231
2012-06-01,259.407
2012-07-01,260.107
2012-08-01,260.677
2012-09-01,261.421
2012-10-01,262.707
2012-11-01,263.365
2012-12-01,264.098
2013-01-01,264.700
2013-02-01,265.256
2013-03-01,265.821
2013-04-01,265.984
2013-05-01,266.559
2013-06-01,266.905
2013-07-01,267.482
2013-08-01,268.505
2013-09-01,269.137
2013-10-01,269.960
2013-11-01,270.698
2013-12-01,271.688
2014-01-01,272.317
2014-02-01,272.733
2014-03-01,273.486
2014-04-01,274.100
2014-05-01,274.710
2014-06-01,275.321
2014-07-01,276.248
2014-08-01,277.048
2014-09-01,277.998
2014-10-01,278.985
2014-11-01,280.123
2014-12-01,280.874
2015-01-01,281.572
2015-02-01,282.389
2015-03-01,283.130
2015-04-01,283.598
2015-05-01,284.245
2015-06-01,285.031
2015-07-01,286.090
2015-08-01,287.068
2015-09-01,288.306
2015-10-01,289.428
2015-11-01,290.322
2015-12-01,291.204
2016-01-01,292.004
2016-02-01,292.777
2016-03-01,293.489
2016-04-01,294.175
2016-05-01,295.036
2016-06-01,295.902
2016-07-01,296.862
2016-08-01,297.916
2016-09-01,298.962
2016-10-01,300.400
2016-11-01,301.587
2016-12-01,302.735
2017-01-01,303.467
2017-02-01,304.211
2017-03-01,304.868
2017-04-01,305.477
2017-05-01,306.379
2017-06-01,307.314
2017-07-01,308.173
2017-08-01,309.479
2017-09-01,310.268
2017-10-01,311.501
2017-11-01,312.670
2017-12-01,313.904
2018-01-01,314.788
2018-02-01,315.277
2018-03-01,315.883
2018-04-01,316.763
2018-05-01,317.490
2018-06-01,318.318
2018-07-01,319.351
2018-08-01,320.651
2018-09-01,321.533
2018-10-01,322.628
2018-11-01,323.968
2018-12-01,324.815
2019-01-01,325.597
2019-02-01,326.351
2019-03-01,327.513
2019-04-01,328.678
2019-05-01,329.333
2019-06-01,330.648
2019-07-01,331.605
2019-08-01,332.638
2019-09-01,333.834
2019-10-01,334.680
2019-11-01,335.819
2019-12-01,336.789
2020-01-01,337.825
2020-02-01,338.616
2020-03-01,339.519
2020-04-01,340.135
2020-05-01,340.811
2020-06-01,341.294
2020-07-01,341.950
2020-08-01,342.444
2020-09-01,342.910
2020-10-01,343.615
2020-11-01,344.039
2020-12-01,344.455
2021-01-01,344.758
2021-02-01,345.242
2021-03-01,345.717
2021-04-01,346.267
2021-05-01,347.016
2021-06-01,347.833
2021-07-01,348.469
2021-08-01,349.710
2021-09-01,351.255
2021-10-01,352.892
2021-11-01,354.526
2021-12-01,355.931
2022-01-01,357.737
2022-02-01,359.627
2022-03-01,361.083
2022-04-01,362.951
2022-05-01,365.116
2022-06-01,367.927
2022-07-01,370.448
2022-08-01,373.283
2022-09-01,376.569
2022-10-01,379.436
2022-11-01,382.562
2022-12-01,385.649
2023-01-01,388.372
2023-02-01,391.141
2023-03-01,392.910
2023-04-01,394.898
2023-05-01,396.726
2023-06-01,398.593
2023-07-01,400.210
2023-08-01,402.247
2023-09-01,404.487
2023-10-01,406.683
2023-11-01,408.838
2023-12-01,410.606
2024-01-01,412.019
2024-02-01,413.695
2024-03-01,415.219
2024-04-01,416.386
2024-05-01,417.772
2024-06-01,418.820
2024-07-01,420.577
2024-08-01,422.223
2024-09-01,423.821
2024-10-01,425.381
2024-11-01,426.651
2024-12-01,428.151
2025-01-01,429.506
2025-02-01,430.603
2025-03-01,431.798
